Sample ID,Lib_Prep_Date,Lib_Prep_Redo_Date,Nextera XT Plate,Well,Notes,Qbit ID,Qbit ,,Qbit Avg,Passed > 3.0 ng/uL,Well in Plate,ndex Name,i7 Bases in Adapter,i7 Bases for Sample Sheet,i5 Bases in Adapter,i5 Bases for Sample Sheet in Forward Orientation,i5 Bases for Sample Sheet in Reverse Complement Orientation,,,,,
BVI-1,11/03/23,,A,A01,,,11.36,11.3,11.33,y,A1,UDP0001,CGCTCAGTTC,GAACTGAGCG,TCGTGGAGCG,TCGTGGAGCG,CGCTCCACGA,,,Lib Count,Passed,Failed
BVI-2,11/03/23,,A,B01,,,6.68,6.6,6.64,y,B1,UDP0002,TATCTGACCT,AGGTCAGATA,CTACAAGATA,CTACAAGATA,TATCTTGTAG,,,BVI,13,12
BVI-3,11/03/23,01/08/24,A,C01,,,0,0,0,n,C1,UDP0003,ATATGAGACG,CGTCTCATAT,TATAGTAGCT,TATAGTAGCT,AGCTACTATA,,,PR-F,13,3
BVI-4,11/03/23,,A,D01,,,5.74,5.72,5.73,y,D1,UDP0004,CTTATGGAAT,ATTCCATAAG,TGCCTGGTGG,TGCCTGGTGG,CCACCAGGCA,,,FL,6,7
BVI-5,11/03/23,01/08/24,A,E01,,,0,0,0,n,E1,UDP0005,TAATCTCGTC,GACGAGATTA,ACATTATCCT,ACATTATCCT,AGGATAATGT,,,NI,19,5
BVI-6,11/03/23,,A,F01,,,6.66,6.7,6.68,y,F1,UDP0006,GCGCGATGTT,AACATCGCGC,GTCCACTTGT,GTCCACTTGT,ACAAGTGGAC,,,PR,23,9
BVI-7,11/03/23,,A,G01,,,8.84,8.84,8.84,y,G1,UDP0007,AGAGCACTAG,CTAGTGCTCT,TGGAACAGTA,TGGAACAGTA,TACTGTTCCA,,,,,
BVI-8,11/03/23,,A,H01,,,10.7,10.7,10.7,y,H1,UDP0008,TGCCTTGATC,GATCAAGGCA,CCTTGTTAAT,CCTTGTTAAT,ATTAACAAGG,,,,,
BVI-14,11/09/23,,A,A02,,,7.94,8,7.97,y,A2,UDP0009,CTACTCAGTC,GACTGAGTAG,GTTGATAGTG,GTTGATAGTG,CACTATCAAC,,,,,
BVI-15,11/09/23,,A,B02,,,6.66,6.68,6.67,y,B2,UDP0010,TCGTCTGACT,AGTCAGACGA,ACCAGCGACA,ACCAGCGACA,TGTCGCTGGT,,,,,
BVI-16,11/09/23,,A,C02,,,6.72,6.7,6.71,y,C2,UDP0011,GAACATACGG,CCGTATGTTC,CATACACTGT,CATACACTGT,ACAGTGTATG,,,,,
BVI-17,11/09/23,,A,D02,,,4.34,4.34,4.34,y,D2,UDP0012,CCTATGACTC,GAGTCATAGG,GTGTGGCGCT,GTGTGGCGCT,AGCGCCACAC,,,,,
BVI-23,11/09/23,01/08/24,A,E02,,,0,0,0,n,E2,UDP0013,TAATGGCAAG,CTTGCCATTA,ATCACGAAGG,ATCACGAAGG,CCTTCGTGAT,,,,,
BVI-24,11/09/23,01/08/24,A,F02,,,0,0,0,n,F2,UDP0014,GTGCCGCTTC,GAAGCGGCAC,CGGCTCTACT,CGGCTCTACT,AGTAGAGCCG,,,,,
BVI-25,11/09/23,,A,G02,,,6.32,6.3,6.31,y,G2,UDP0015,CGGCAATGGA,TCCATTGCCG,GAATGCACGA,GAATGCACGA,TCGTGCATTC,,,,,
BVI-26,11/09/23,01/08/24,A,H02,,,2.1,2.08,2.09,n,H2,UDP0016,GCCGTAACCG,CGGTTACGGC,AAGACTATAG,AAGACTATAG,CTATAGTCTT,,,,,
PR-FI-36,12/04/23,,A,A03,,1,5.22,5.22,5.22,y,A3,UDP0017,AACCATTCTC,GAGAATGGTT,TCGGCAGCAA,TCGGCAGCAA,TTGCTGCCGA,,,,,
PR-FI-54,12/04/23,,A,B03,,2,6.1,6.1,6.1,y,B3,UDP0018,GGTTGCCTCT,AGAGGCAACC,CTAATGATGG,CTAATGATGG,CCATCATTAG,,,,,
PR-FI-59,12/04/23,,A,C03,,3,5.1,5.12,5.11,y,C3,UDP0019,CTAATGATGG,CCATCATTAG,GGTTGCCTCT,GGTTGCCTCT,AGAGGCAACC,,,,,
PR-FI-35,12/04/23,,A,D03,,4,8.84,8.82,8.83,y,D3,UDP0020,TCGGCCTATC,GATAGGCCGA,CGCACATGGC,CGCACATGGC,GCCATGTGCG,,,,,
PR-FI-3,12/04/23,,A,E03,,5,5.12,5.08,5.1,y,E3,UDP0021,AGTCAACCAT,ATGGTTGACT,GGCCTGTCCT,GGCCTGTCCT,AGGACAGGCC,,,,,
PR-FI-57,12/04/23,,A,F03,,6,4.24,4.24,4.24,y,F3,UDP0022,GAGCGCAATA,TATTGCGCTC,CTGTGTTAGG,CTGTGTTAGG,CCTAACACAG,,,,,
PR-FII-18,12/04/23,,A,G03,,7,6.46,6.46,6.46,y,G3,UDP0023,AACAAGGCGT,ACGCCTTGTT,TAAGGAACGT,TAAGGAACGT,ACGTTCCTTA,,,,,
PR-FII-39,12/04/23,01/08/24,A,H03,,8,0,0,0,n,H3,UDP0024,GTATGTAGAA,TTCTACATAC,CTAACTGTAA,CTAACTGTAA,TTACAGTTAG,,,,,
PR-FII-36,12/04/23,01/08/24,A,A04,,11,2.36,2.36,2.36,n,A4,UDP0025,TTCTATGGTT,AACCATAGAA,GGCGAGATGG,GGCGAGATGG,CCATCTCGCC,,,,,
PR-FII-32,12/04/23,,A,B04,,22,6.1,6.1,6.1,y,B4,UDP0026,CCTCGCAACC,GGTTGCGAGG,AATAGAGCAA,AATAGAGCAA,TTGCTCTATT,,,,,
PR-FII-26,12/04/23,,A,C04,,33,7.2,7.14,7.17,y,C4,UDP0027,TGGATGCTTA,TAAGCATCCA,TCAATCCATT,TCAATCCATT,AATGGATTGA,,,,,
FL-7,12/04/23,01/08/24,A,D04,"mantle, no cleanup",44,0,0,0,n,D4,UDP0028,ATGTCGTGGT,ACCACGACAT,TCGTATGCGG,TCGTATGCGG,CCGCATACGA,,,,,
FL-35,12/04/23,01/03/24,A,E04,no cleanup,55,0,0,0,n,E4,UDP0029,AGAGTGCGGC,GCCGCACTCT,TCCGACCTCG,TCCGACCTCG,CGAGGTCGGA,,,,,
FL-4,12/04/23,,A,F04,,66,6.52,6.52,6.52,y,F4,UDP0030,TGCCTGGTGG,CCACCAGGCA,CTTATGGAAT,CTTATGGAAT,ATTCCATAAG,,,,,
FL-5,12/04/23,,A,G04,,77,6.96,7,6.98,y,G4,UDP0031,TGCGTGTCAC,GTGACACGCA,GCTTACGGAC,GCTTACGGAC,GTCCGTAAGC,,,,,
BVI-29,12/04/23,01/08/24,A,H04,,88,0,0,0,n,H4,UDP0032,CATACACTGT,ACAGTGTATG,GAACATACGG,GAACATACGG,CCGTATGTTC,,,,,
BVI-28,12/04/23,01/08/24,A,A05,,111,0,0,0,n,A5,UDP0033,CGTATAATCA,TGATTATACG,GTCGATTACA,GTCGATTACA,TGTAATCGAC,,,,,
BVI-30,12/04/23,01/08/24,A,B05,,222,0,0,0,n,B5,UDP0034,TACGCGGCTG,CAGCCGCGTA,ACTAGCCGTG,ACTAGCCGTG,CACGGCTAGT,,,,,
BVI-31,12/04/23,01/08/24,A,C05,,333,0,0,0,n,C5,UDP0035,GCGAGTTACC,GGTAACTCGC,AAGTTGGTGA,AAGTTGGTGA,TCACCAACTT,,,,,
BVI-32,12/04/23,01/08/24,A,D05,,444,0,0,0,n,D5,UDP0036,TACGGCCGGT,ACCGGCCGTA,TGGCAATATT,TGGCAATATT,AATATTGCCA,,,,,
BVI-33,12/04/23,01/08/24,A,E05,,555,0,0,0,n,E5,UDP0037,GTCGATTACA,TGTAATCGAC,GATCACCGCG,GATCACCGCG,CGCGGTGATC,,,,,
BVI-20,12/04/23,,A,F05,,666,6.02,6.02,6.02,y,F5,UDP0038,CTGTCTGCAC,GTGCAGACAG,TACCATCCGT,TACCATCCGT,ACGGATGGTA,,,,,
BVI-21,12/04/23,01/08/24,A,G05,,777,2.38,2.38,2.38,n,G5,UDP0039,CAGCCGATTG,CAATCGGCTG,GCTGTAGGAA,GCTGTAGGAA,TTCCTACAGC,,,,,
BVI-22,12/04/23,,A,H05,,888,4.82,4.84,4.83,y,H5,UDP0040,TGACTACATA,TATGTAGTCA,CGCACTAATG,CGCACTAATG,CATTAGTGCG,,,,,
NI-1,01/02/24,,A,A06,,,3.04,3,3.02,y,A6,UDP0041,ATTGCCGAGT,ACTCGGCAAT,GACAACTGAA,GACAACTGAA,TTCAGTTGTC,,,,,
NI-3,01/02/24,,A,B06,,,4.84,4.86,4.85,y,B6,UDP0042,GCCATTAGAC,GTCTAATGGC,AGTGGTCAGG,AGTGGTCAGG,CCTGACCACT,,,,,
NI-5,01/02/24,,A,C06,,,7.74,7.74,7.74,y,C6,UDP0043,GGCGAGATGG,CCATCTCGCC,TTCTATGGTT,TTCTATGGTT,AACCATAGAA,,,,,
NI-7,01/02/24,,A,D06,,,5.24,5.22,5.23,y,D6,UDP0044,TGGCTCGCAG,CTGCGAGCCA,AATCCGGCCA,AATCCGGCCA,TGGCCGGATT,,,,,
NI-9,01/02/24,,A,E06,,,8.08,8.08,8.08,y,E6,UDP0045,TAGAATAACG,CGTTATTCTA,CCATAAGGTT,CCATAAGGTT,AACCTTATGG,,,,,
NI-11,01/02/24,,A,F06,,,4.34,4.34,4.34,y,F6,UDP0046,TAATGGATCT,AGATCCATTA,ATCTCTACCA,ATCTCTACCA,TGGTAGAGAT,,,,,
NI-15,01/02/24,,A,G06,,,9.92,9.94,9.93,y,G6,UDP0047,TATCCAGGAC,GTCCTGGATA,CGGTGGCGAA,CGGTGGCGAA,TTCGCCACCG,,,,,
NI-17,01/02/24,,A,H06,,,5.7,5.7,5.7,y,H6,UDP0048,AGTGCCACTG,CAGTGGCACT,TAACAATAGG,TAACAATAGG,CCTATTGTTA,,,,,
NI-2,01/02/24,01/08/24,A,A07,,,2.52,2.54,2.53,n,A7,UDP0049,GTGCAACACT,AGTGTTGCAC,CTGGTACACG,CTGGTACACG,CGTGTACCAG,,,,,
NI-4,01/02/24,,A,B07,,,5,5,5,y,B7,UDP0050,ACATGGTGTC,GACACCATGT,TCAACGTGTA,TCAACGTGTA,TACACGTTGA,,,,,
NI-6,01/02/24,01/08/24,A,C07,,,0,0,0,n,C7,UDP0051,GACAGACAGG,CCTGTCTGTC,ACTGTTGTGA,ACTGTTGTGA,TCACAACAGT,,,,,
NI-8,01/02/24,,A,D07,,,3.4,3.4,3.4,y,D7,UDP0052,TCTTACATCA,TGATGTAAGA,GTGCGTCCTT,GTGCGTCCTT,AAGGACGCAC,,,,,
NI-10,01/02/24,,A,E07,,,3.46,3.46,3.46,y,E7,UDP0053,TTACAATTCC,GGAATTGTAA,AGCACATCCT,AGCACATCCT,AGGATGTGCT,,,,,
NI-12,01/02/24,,A,F07,,,8.84,8.84,8.84,y,F7,UDP0054,AAGCTTATGC,GCATAAGCTT,TTCCGTCGCA,TTCCGTCGCA,TGCGACGGAA,,,,,
NI-14,01/02/24,,A,G07,,,5.44,5.42,5.43,y,G7,UDP0055,TATTCCTCAG,CTGAGGAATA,CTTAACCACT,CTTAACCACT,AGTGGTTAAG,,,,,
NI-16,01/02/24,,A,H07,,,6.16,6.14,6.15,y,H7,UDP0056,CTCGTGCGTT,AACGCACGAG,GCCTCGGATA,GCCTCGGATA,TATCCGAGGC,,,,,
NI-18,01/02/24,,A,A08,,,6.28,6.28,6.28,y,A8,UDP0057,TTAGGATAGA,TCTATCCTAA,CGTCGACTGG,CGTCGACTGG,CCAGTCGACG,,,,,
NI-20,01/02/24,01/08/24,A,B08,,,2.78,2.8,2.79,n,B8,UDP0058,CCGAAGCGAG,CTCGCTTCGG,TACTAGTCAA,TACTAGTCAA,TTGACTAGTA,,,,,
NI-22,01/02/24,,A,C08,,,3.2,3.18,3.19,y,C8,UDP0059,GGACCAACAG,CTGTTGGTCC,ATAGACCGTT,ATAGACCGTT,AACGGTCTAT,,,,,
NI-24,01/02/24,,A,D08,,,6.58,6.6,6.59,y,D8,UDP0060,TTCCAGGTAA,TTACCTGGAA,ACAGTTCCAG,ACAGTTCCAG,CTGGAACTGT,,,,,
NI-26,01/02/24,01/08/24,A,E08,,,0,0,0,n,E8,UDP0061,TGATTAGCCA,TGGCTAATCA,AGGCATGTAG,AGGCATGTAG,CTACATGCCT,,,,,
NI-28,01/02/24,01/08/24,A,F08,,,0,0,0,n,F8,UDP0062,TAACAGTGTT,AACACTGTTA,GCAAGTCTCA,GCAAGTCTCA,TGAGACTTGC,,,,,
NI-30,01/02/24,,A,G08,,,7.64,7.64,7.64,y,G8,UDP0063,ACCGCGCAAT,ATTGCGCGGT,TTGGCTCCGC,TTGGCTCCGC,GCGGAGCCAA,,,,,
NI-32,01/02/24,,A,H08,,,11.6,11.6,11.6,y,H8,UDP0064,GTTCGCGCCA,TGGCGCGAAC,AACTGATACT,AACTGATACT,AGTATCAGTT,,,,,
FL-9,01/02/24,,A,A09,,,18.9,18.8,18.85,y,A9,UDP0065,AGACACATTA,TAATGTGTCT,GTAAGGCATA,GTAAGGCATA,TATGCCTTAC,,,,,
FL-10,01/02/24,,A,B09,,,13.7,13.6,13.65,y,B9,UDP0066,GCGTTGGTAT,ATACCAACGC,AATTGCTGCG,AATTGCTGCG,CGCAGCAATT,,,,,
FL-12,01/02/24,01/08/24,A,C09,,,0,0,0,n,C9,UDP0067,AGCACATCCT,AGGATGTGCT,TTACAATTCC,TTACAATTCC,GGAATTGTAA,,,,,
FL-21,01/02/24,01/08/24,A,D09,,,0,0,0,n,D9,UDP0068,TTGTTCCGTG,CACGGAACAA,AACCTAGCAC,AACCTAGCAC,GTGCTAGGTT,,,,,
FL-22,01/02/24,,A,E09,,,5.24,5.26,5.25,y,E9,UDP0069,AAGTACTCCA,TGGAGTACTT,TCTGTGTGGA,TCTGTGTGGA,TCCACACAGA,,,,,
FL-30,01/02/24,01/08/24,A,F09,,,0,0,0,n,F9,UDP0070,ACGTCAATAC,GTATTGACGT,GGAATTCCAA,GGAATTCCAA,TTGGAATTCC,,,,,
FL-32,01/02/24,01/08/24,A,G09,,,2.8,2.8,2.8,n,G9,UDP0071,GGTGTACAAG,CTTGTACACC,AAGCGCGCTT,AAGCGCGCTT,AAGCGCGCTT,,,,,
FL-33,01/02/24,,A,H09,,,0,0,0,n,H9,UDP0072,CCACCTGTGT,ACACAGGTGG,TGAGCGTTGT,TGAGCGTTGT,ACAACGCTCA,,,,,
PR-CI-35,01/03/24,,A,A10,,,4.98,5.02,5,y,A10,UDP0073,GTTCCGCAGG,CCTGCGGAAC,ATCATAGGCT,ATCATAGGCT,AGCCTATGAT,,,,,
PR-CI-48,01/03/24,,A,B10,,,5.68,5.76,5.72,y,B10,UDP0074,ACCTTATGAA,TTCATAAGGT,TGTTAGAAGG,TGTTAGAAGG,CCTTCTAACA,,,,,
PR-CII-29,01/03/24,,A,C10,,,4.36,4.36,4.36,y,C10,UDP0075,CGCTGCAGAG,CTCTGCAGCG,GATGGATGTA,GATGGATGTA,TACATCCATC,,,,,
PR-CII-31,01/03/24,,A,D10,,,4.26,4.32,4.29,y,D10,UDP0076,GTAGAGTCAG,CTGACTCTAC,ACGGCCGTCA,ACGGCCGTCA,TGACGGCCGT,,,,,
PR-CIII-12,01/03/24,,A,E10,,,3.34,3.36,3.35,y,E10,UDP0077,GGATACCAGA,TCTGGTATCC,CGTTGCTTAC,CGTTGCTTAC,GTAAGCAACG,,,,,
PR-CIV-20,01/03/24,,A,F10,,,4.8,4.84,4.82,y,F10,UDP0078,CGCACTAATG,CATTAGTGCG,TGACTACATA,TGACTACATA,TATGTAGTCA,,,,,
PR-CV-36,01/03/24,,A,G10,,,5.14,5.16,5.15,y,G10,UDP0079,TCCTGACCGT,ACGGTCAGGA,CGGCCTCGTT,CGGCCTCGTT,AACGAGGCCG,,,,,
PR-CV-51,01/03/24,,A,H10,,,0,0,0,n,H10,UDP0080,CTGGCTTGCC,GGCAAGCCAG,CAAGCATCCG,CAAGCATCCG,CGGATGCTTG,,,,,
PR-CVI-7,01/03/24,,A,A11,,,3.88,3.92,3.9,y,A11,UDP0081,ACCAGCGACA,TGTCGCTGGT,TCGTCTGACT,TCGTCTGACT,AGTCAGACGA,,,,,
PR-CVI-13,01/03/24,,A,B11,,,4.24,4.28,4.26,y,B11,UDP0082,TTGTAACGGT,ACCGTTACAA,CTCATAGCGA,CTCATAGCGA,TCGCTATGAG,,,,,
PR-CVIII-T.31,01/03/24,,A,C11,,,2.16,2.2,2.18,n,C11,UDP0083,GTAAGGCATA,TATGCCTTAC,AGACACATTA,AGACACATTA,TAATGTGTCT,,,,,
PR-CVIII-T.34,01/03/24,,A,D11,,,2.12,2.14,2.13,n,D11,UDP0084,GTCCACTTGT,ACAAGTGGAC,GCGCGATGTT,GCGCGATGTT,AACATCGCGC,,,,,
PR-CIX-24,01/03/24,,A,E11,,,2.36,2.4,2.38,n,E11,UDP0085,TTAGGTACCA,TGGTACCTAA,CATGAGTACT,CATGAGTACT,AGTACTCATG,,,,,
PR-FI-59,01/03/24,,A,F11,,,3.26,3.34,3.3,y,F11,UDP0086,GGAATTCCAA,TTGGAATTCC,ACGTCAATAC,ACGTCAATAC,GTATTGACGT,,,,,
PR-P10,01/03/24,,A,G11,,,0,0,0,n,G11,UDP0087,CATGTAGAGG,CCTCTACATG,GATACCTCCT,GATACCTCCT,AGGAGGTATC,,,,,
PR-P39,01/03/24,,A,H11,,,0,0,0,n,H11,UDP0088,TACACGCTCC,GGAGCGTGTA,ATCCGTAAGT,ATCCGTAAGT,ACTTACGGAT,,,,,
PR-F1-53,01/03/24,01/08/24,A,A12,,,3.74,3.8,3.77,y,A12,UDP0089,GCTTACGGAC,GTCCGTAAGC,CGTGTATCTT,CGTGTATCTT,AAGATACACG,,,,,
PR-F1-47,01/03/24,01/08/24,A,B12,,,3.66,3.68,3.67,y,B12,UDP0090,CGCTTGAAGT,ACTTCAAGCG,GAACCATGAA,GAACCATGAA,TTCATGGTTC,,,,,
PR-F2-41,01/03/24,,A,C12,,,4.26,4.28,4.27,y,C12,UDP0091,CGCCTTCTGA,TCAGAAGGCG,GGCCATCATA,GGCCATCATA,TATGATGGCC,,,,,
PR-F2-25,01/03/24,01/08/24,A,D12,,,3.66,3.68,3.67,y,D12,UDP0092,ATACCAACGC,GCGTTGGTAT,ACATACTTCC,ACATACTTCC,GGAAGTATGT,,,,,
PR-F2-7,01/03/24,,A,E12,,,4.2,4.14,4.17,y,E12,UDP0093,CTGGATATGT,ACATATCCAG,TATGTGCAAT,TATGTGCAAT,ATTGCACATA,,,,,
PR-F2-59,01/03/24,01/08/24,A,F12,,,0,0,0,n,F12,UDP0094,CAATCTATGA,TCATAGATTG,GATTAAGGTG,GATTAAGGTG,CACCTTAATC,,,,,
FL-35,01/03/24,,A,G12,,,12.7,12.6,12.65,y,G12,UDP0095,GGTGGAATAC,GTATTCCACC,ATGTAGACAA,ATGTAGACAA,TTGTCTACAT,,,,,
,,,A,H12,,,0,0,0,n,H12,UDP0096,TGGACGGAGG,CCTCCGTCCA,CACATCGGTG,CACATCGGTG,CACCGATGTG,,,,,